﻿{"cameraMode":{"drawMode":0,"name":"Shaded","section":"Shading Mode"},"sceneLighting":true,"audioPlay":false,"sceneViewState":{"showFog":true,"showMaterialUpdate":false,"showSkybox":true,"showFlares":true,"showImageEffects":true,"showParticleSystems":true},"in2DMode":false,"pivot":{"x":0.14600637555122376,"y":0.6200228929519653,"z":-11.739602088928223},"rotation":{"x":0.30100786685943606,"y":-0.09989771246910095,"z":0.03172681853175163,"w":0.9478439688682556},"size":22.0,"orthographic":false}