﻿{"cameraMode":{"drawMode":0,"name":"Shaded","section":"Shading Mode"},"sceneLighting":true,"audioPlay":false,"sceneViewState":{"showFog":true,"showMaterialUpdate":false,"showSkybox":true,"showFlares":true,"showImageEffects":true,"showParticleSystems":true},"in2DMode":false,"pivot":{"x":-2.845125198364258,"y":4.884542465209961,"z":25.327648162841798},"rotation":{"x":-0.02040516398847103,"y":0.015848923474550248,"z":-0.00030326034175232053,"w":-0.999666154384613},"size":62.455162048339847,"orthographic":false}